use photosSmithPix
go


-- '--------------------------------------------------------

--
-- Table structure for table photoCategoryDetails
--

CREATE TABLE photoCategoryDetails (
  category_id varchar(36) NOT NULL,
  photo_id varchar(36) NOT NULL,
  new_switch int NOT NULL DEFAULT 0,
  order_number int NOT NULL DEFAULT 0,
  photo_name varchar(50) DEFAULT NULL,
  photo_description varchar(200) DEFAULT NULL,
  inactive_switch int NOT NULL DEFAULT 0
)
GO

--
-- Dumping data for table photoCategoryDetails
--

INSERT INTO photoCategoryDetails (category_id, photo_id, new_switch, order_number, photo_name, photo_description, inactive_switch) VALUES
('08E9D83E-5D43-4DD9-BF4E-7E5019E63B33','45012755-6027-45D1-BADC-D217BADE79CF', 0, 0, NULL, NULL, 1),
('08E9D83E-5D43-4DD9-BF4E-7E5019E63B33','53919182-1955-40C1-8518-C6551F3F3E66', 0, 0, NULL, NULL, 0),
('08E9D83E-5D43-4DD9-BF4E-7E5019E63B33','6281A6BA-FAD5-4C15-B853-FD5DD1DE5B26', 0, 0, NULL, NULL, 0),
('08E9D83E-5D43-4DD9-BF4E-7E5019E63B33','64B0F74C-BA94-4C06-955A-860D47D0338F', 0, 0, NULL, NULL, 0),
('08E9D83E-5D43-4DD9-BF4E-7E5019E63B33','D9467778-31CF-11E3-B050-90B11C202735', 0, 0, NULL, NULL, 0),
('08E9D83E-5D43-4DD9-BF4E-7E5019E63B33','D949ED72-31CF-11E3-B050-90B11C202735', 0, 0, NULL, NULL, 0),
('08E9D83E-5D43-4DD9-BF4E-7E5019E63B33','D94FFF14-31CF-11E3-B050-90B11C202735', 0, 0, NULL, NULL, 1),
('08E9D83E-5D43-4DD9-BF4E-7E5019E63B33','D95047C6-31CF-11E3-B050-90B11C202735', 0, 0, NULL, NULL, 0),
('08E9D83E-5D43-4DD9-BF4E-7E5019E63B33','D9657308-31CF-11E3-B050-90B11C202735', 0, 0, NULL, NULL, 0),
('08E9D83E-5D43-4DD9-BF4E-7E5019E63B33','F8FA4BAC-3FAD-4162-8384-F32B6A05F310', 0, 0, NULL, NULL, 0),
('1165FB4F-6AC5-4CBD-941F-88970C3DE29B','34616A68-7B12-40A6-87C5-DDA4A1A449D4', 0, 0, NULL, NULL, 0),
('1165FB4F-6AC5-4CBD-941F-88970C3DE29B','655884FF-2295-4314-8145-31C0A969B081', 0, 0, NULL, NULL, 0),
('1165FB4F-6AC5-4CBD-941F-88970C3DE29B','9420F8FB-5FFE-4FBD-9372-32C8F43D9C8F', 0, 0, NULL, NULL, 0),
('1165FB4F-6AC5-4CBD-941F-88970C3DE29B','BDF51882-3FF7-4293-B4BC-F8133A46C245', 0, 0, NULL, NULL, 0),
('1165FB4F-6AC5-4CBD-941F-88970C3DE29B','BFEAEA6B-E918-48D0-ADEA-6BA9CB540A9B', 0, 0, NULL, NULL, 0),
('1165FB4F-6AC5-4CBD-941F-88970C3DE29B','C7851D34-F8EC-4538-945A-C36F187AF925', 0, 0, NULL, NULL, 0),
('1165FB4F-6AC5-4CBD-941F-88970C3DE29B','CA64753F-34C7-4314-ADC8-420EA42CA601', 0, 0, NULL, NULL, 0),
('1165FB4F-6AC5-4CBD-941F-88970C3DE29B','D943014C-31CF-11E3-B050-90B11C202735', 0, 0, NULL, NULL, 0),
('1165FB4F-6AC5-4CBD-941F-88970C3DE29B','D9433D7E-31CF-11E3-B050-90B11C202735', 0, 0, NULL, NULL, 0),
('1165FB4F-6AC5-4CBD-941F-88970C3DE29B','D9437FA0-31CF-11E3-B050-90B11C202735', 0, 0, NULL, NULL, 0),
('1165FB4F-6AC5-4CBD-941F-88970C3DE29B','D943B93E-31CF-11E3-B050-90B11C202735', 0, 0, NULL, NULL, 0),
('1165FB4F-6AC5-4CBD-941F-88970C3DE29B','E111DCDD-501A-4643-AEEE-42E6D1666E5C', 0, 0, NULL, NULL, 0),
('29C42B0C-2E8E-4657-9017-AC68CFDFD11B','00A557CB-E7A6-431A-A422-B253B193E6EF', 0, 0, NULL, NULL, 0),
('29C42B0C-2E8E-4657-9017-AC68CFDFD11B','010FE689-4C84-4C2B-990A-336249030B17', 0, 0, NULL, NULL, 0),
('29C42B0C-2E8E-4657-9017-AC68CFDFD11B','04774519-AC53-4AD2-AE26-96E885DD2771', 0, 0, NULL, NULL, 0),
('29C42B0C-2E8E-4657-9017-AC68CFDFD11B','3D17C7D7-F132-4178-8631-0B0BE008C2BB', 0, 0, NULL, NULL, 0),
('29C42B0C-2E8E-4657-9017-AC68CFDFD11B','652C4F14-AF1B-4B92-A618-5DACF356A39F', 0, 0, NULL, NULL, 0),
('29C42B0C-2E8E-4657-9017-AC68CFDFD11B','7A293FC9-5CDC-4F31-A65A-5C21B500C3BF', 0, 0, NULL, NULL, 0),
('29C42B0C-2E8E-4657-9017-AC68CFDFD11B','BF24826D-3A7A-48D9-A0BD-364B4E5A7EE9', 0, 0, NULL, NULL, 0),
('29C42B0C-2E8E-4657-9017-AC68CFDFD11B','D941FB12-31CF-11E3-B050-90B11C202735', 0, 0, NULL, NULL, 0),
('29C42B0C-2E8E-4657-9017-AC68CFDFD11B','D942452C-31CF-11E3-B050-90B11C202735', 0, 0, NULL, NULL, 0),
('29C42B0C-2E8E-4657-9017-AC68CFDFD11B','D9428C8A-31CF-11E3-B050-90B11C202735', 0, 0, NULL, NULL, 0),
('29C42B0C-2E8E-4657-9017-AC68CFDFD11B','D9488D7E-31CF-11E3-B050-90B11C202735', 0, 0, NULL, NULL, 0),
('29C42B0C-2E8E-4657-9017-AC68CFDFD11B','D94A3110-31CF-11E3-B050-90B11C202735', 0, 0, NULL, NULL, 0),
('29C42B0C-2E8E-4657-9017-AC68CFDFD11B','D94AD598-31CF-11E3-B050-90B11C202735', 0, 0, NULL, NULL, 0),
('29C42B0C-2E8E-4657-9017-AC68CFDFD11B','D94C4892-31CF-11E3-B050-90B11C202735', 0, 0, NULL, NULL, 0),
('29C42B0C-2E8E-4657-9017-AC68CFDFD11B','D94E9250-31CF-11E3-B050-90B11C202735', 0, 0, NULL, NULL, 0),
('29C42B0C-2E8E-4657-9017-AC68CFDFD11B','D94F4E02-31CF-11E3-B050-90B11C202735', 0, 0, NULL, NULL, 0),
('29C42B0C-2E8E-4657-9017-AC68CFDFD11B','D94FA672-31CF-11E3-B050-90B11C202735', 0, 0, NULL, NULL, 0),
('29C42B0C-2E8E-4657-9017-AC68CFDFD11B','D9513154-31CF-11E3-B050-90B11C202735', 0, 0, NULL, NULL, 0),
('29C42B0C-2E8E-4657-9017-AC68CFDFD11B','D9524986-31CF-11E3-B050-90B11C202735', 0, 0, NULL, NULL, 0),
('29C42B0C-2E8E-4657-9017-AC68CFDFD11B','D952AFA2-31CF-11E3-B050-90B11C202735', 0, 0, NULL, NULL, 0),
('29C42B0C-2E8E-4657-9017-AC68CFDFD11B','D963A5DC-31CF-11E3-B050-90B11C202735', 0, 0, NULL, NULL, 0),
('49B1AD54-C5ED-4170-A8A1-6DE3207D584E','B0F58665-ED3E-468A-85CE-4CBF0E1000FC', 0, 0, NULL, NULL, 0),
('49B1AD54-C5ED-4170-A8A1-6DE3207D584E','D9499F70-31CF-11E3-B050-90B11C202735', 0, 0, NULL, NULL, 0),
('49B1AD54-C5ED-4170-A8A1-6DE3207D584E','D952FCFA-31CF-11E3-B050-90B11C202735', 0, 0, NULL, NULL, 0),
('49B1AD54-C5ED-4170-A8A1-6DE3207D584E','D9536C12-31CF-11E3-B050-90B11C202735', 0, 0, NULL, NULL, 0),
('49B1AD54-C5ED-4170-A8A1-6DE3207D584E','D9626730-31CF-11E3-B050-90B11C202735', 0, 0, NULL, NULL, 0),
('49B1AD54-C5ED-4170-A8A1-6DE3207D584E','D962B7B2-31CF-11E3-B050-90B11C202735', 0, 0, NULL, NULL, 0),
('49B1AD54-C5ED-4170-A8A1-6DE3207D584E','D96308FC-31CF-11E3-B050-90B11C202735', 0, 0, NULL, NULL, 0),
('49B1AD54-C5ED-4170-A8A1-6DE3207D584E','D963551E-31CF-11E3-B050-90B11C202735', 0, 0, NULL, NULL, 0),
('49B1AD54-C5ED-4170-A8A1-6DE3207D584E','D963FB0E-31CF-11E3-B050-90B11C202735', 0, 0, NULL, NULL, 0),
('8340743B-E1B8-4635-B923-D1520475E3E9','A43F7D0D-42F9-498E-99EA-8998350B4CA1', 0, 0, NULL, NULL, 0),
('8340743B-E1B8-4635-B923-D1520475E3E9','D94AD598-31CF-11E3-B050-90B11C202735', 0, 0, NULL, NULL, 0),
('8340743B-E1B8-4635-B923-D1520475E3E9','D94C25C4-31CF-11E3-B050-90B11C202735', 0, 0, NULL, NULL, 0),
('8340743B-E1B8-4635-B923-D1520475E3E9','D960667E-31CF-11E3-B050-90B11C202735', 0, 0, NULL, NULL, 0),
('8340743B-E1B8-4635-B923-D1520475E3E9','D96441FE-31CF-11E3-B050-90B11C202735', 0, 0, NULL, NULL, 0),
('8340743B-E1B8-4635-B923-D1520475E3E9','F911B4B8-4319-4280-93B3-FF877D045825', 0, 0, NULL, NULL, 0),
('85BB1E02-F3ED-4302-A719-D0B882C8FB73','32278411-62D6-444C-A8D9-BBF64024ED24', 0, 0, NULL, NULL, 0),
('85BB1E02-F3ED-4302-A719-D0B882C8FB73','3431146C-80A7-44CD-9292-CCCA20E218D8', 0, 0, NULL, NULL, 0),
('85BB1E02-F3ED-4302-A719-D0B882C8FB73','37948784-AF55-4D03-BFC0-8916A8328D57', 0, 0, NULL, NULL, 0),
('85BB1E02-F3ED-4302-A719-D0B882C8FB73','7ECE4974-0D4F-48B3-8F79-3709640E0D75', 0, 0, NULL, NULL, 0),
('85BB1E02-F3ED-4302-A719-D0B882C8FB73','8BB2CF72-6F2C-44FE-91CE-6FB097198D7C', 0, 0, NULL, NULL, 0),
('85BB1E02-F3ED-4302-A719-D0B882C8FB73','94FBE49D-81E6-492F-ABCC-B7ADB3099305', 0, 0, NULL, NULL, 0),
('85BB1E02-F3ED-4302-A719-D0B882C8FB73','A37AA25F-A5F1-43CC-9793-C86E8050B175', 0, 0, NULL, NULL, 0),
('85BB1E02-F3ED-4302-A719-D0B882C8FB73','BAB5741D-974D-4290-8202-165C2BB0498F', 0, 0, NULL, NULL, 0),
('85BB1E02-F3ED-4302-A719-D0B882C8FB73','BFEAEA6B-E918-48D0-ADEA-6BA9CB540A9B', 0, 0, NULL, NULL, 0),
('85BB1E02-F3ED-4302-A719-D0B882C8FB73','C7851D34-F8EC-4538-945A-C36F187AF925', 0, 0, NULL, NULL, 0),
('85BB1E02-F3ED-4302-A719-D0B882C8FB73','D9416C06-31CF-11E3-B050-90B11C202735', 0, 0, NULL, NULL, 0),
('85BB1E02-F3ED-4302-A719-D0B882C8FB73','D941BF58-31CF-11E3-B050-90B11C202735', 0, 0, NULL, NULL, 0),
('85BB1E02-F3ED-4302-A719-D0B882C8FB73','D9441C1C-31CF-11E3-B050-90B11C202735', 0, 0, NULL, NULL, 0),
('85BB1E02-F3ED-4302-A719-D0B882C8FB73','D94C25C4-31CF-11E3-B050-90B11C202735', 0, 0, NULL, NULL, 0),
('85BB1E02-F3ED-4302-A719-D0B882C8FB73','D94E0272-31CF-11E3-B050-90B11C202735', 0, 0, NULL, NULL, 0),
('85BB1E02-F3ED-4302-A719-D0B882C8FB73','D94ED030-31CF-11E3-B050-90B11C202735', 0, 0, NULL, NULL, 0),
('85BB1E02-F3ED-4302-A719-D0B882C8FB73','D9533698-31CF-11E3-B050-90B11C202735', 0, 0, NULL, NULL, 0),
('85BB1E02-F3ED-4302-A719-D0B882C8FB73','D953E41C-31CF-11E3-B050-90B11C202735', 0, 0, NULL, NULL, 0),
('85BB1E02-F3ED-4302-A719-D0B882C8FB73','D95F76CE-31CF-11E3-B050-90B11C202735', 0, 0, NULL, NULL, 0),
('85BB1E02-F3ED-4302-A719-D0B882C8FB73','D95FD7EA-31CF-11E3-B050-90B11C202735', 0, 0, NULL, NULL, 0),
('85BB1E02-F3ED-4302-A719-D0B882C8FB73','D96027A4-31CF-11E3-B050-90B11C202735', 0, 0, NULL, NULL, 0),
('85BB1E02-F3ED-4302-A719-D0B882C8FB73','D961F91C-31CF-11E3-B050-90B11C202735', 0, 0, NULL, NULL, 0),
('85BB1E02-F3ED-4302-A719-D0B882C8FB73','D963551E-31CF-11E3-B050-90B11C202735', 0, 0, NULL, NULL, 0),
('85BB1E02-F3ED-4302-A719-D0B882C8FB73','D96441FE-31CF-11E3-B050-90B11C202735', 0, 0, NULL, NULL, 0),
('85BB1E02-F3ED-4302-A719-D0B882C8FB73','D964683C-31CF-11E3-B050-90B11C202735', 0, 0, NULL, NULL, 0),
('85BB1E02-F3ED-4302-A719-D0B882C8FB73','D964F202-31CF-11E3-B050-90B11C202735', 0, 0, NULL, NULL, 0),
('9E00A999-629E-4AE9-B959-CB7D9EF5E3EF', '', 0, 0, NULL, NULL, 0),
('9E00A999-629E-4AE9-B959-CB7D9EF5E3EF','11561763-A317-4AAA-9FD3-0846D3273712', 0, 0, NULL, NULL, 0),
('9E00A999-629E-4AE9-B959-CB7D9EF5E3EF','1E2970DE-6541-4544-B10A-0917E317B5B3', 0, 0, NULL, NULL, 0),
('9E00A999-629E-4AE9-B959-CB7D9EF5E3EF','1F338649-992D-449C-9E8E-7FAE33896EF3', 0, 0, NULL, NULL, 0),
('9E00A999-629E-4AE9-B959-CB7D9EF5E3EF','A43F7D0D-42F9-498E-99EA-8998350B4CA1', 0, 0, NULL, NULL, 0),
('9E00A999-629E-4AE9-B959-CB7D9EF5E3EF','D94AD598-31CF-11E3-B050-90B11C202735', 0, 0, NULL, NULL, 0),
('9E00A999-629E-4AE9-B959-CB7D9EF5E3EF','D950DF74-31CF-11E3-B050-90B11C202735', 0, 0, NULL, NULL, 0),
('9E00A999-629E-4AE9-B959-CB7D9EF5E3EF','D952FCFA-31CF-11E3-B050-90B11C202735', 0, 0, NULL, NULL, 0),
('9E00A999-629E-4AE9-B959-CB7D9EF5E3EF','D95EC5EE-31CF-11E3-B050-90B11C202735', 0, 0, NULL, NULL, 0),
('9E00A999-629E-4AE9-B959-CB7D9EF5E3EF','D960667E-31CF-11E3-B050-90B11C202735', 0, 0, NULL, NULL, 0),
('9E00A999-629E-4AE9-B959-CB7D9EF5E3EF','F911B4B8-4319-4280-93B3-FF877D045825', 0, 0, NULL, NULL, 0),
('D54BB5F5-AC38-4DC6-BDE2-689B032FCAA4','8C56EE2A-31CF-11E3-B050-90B11C202735', 0, 0, NULL, NULL, 0),
('D54BB5F5-AC38-4DC6-BDE2-689B032FCAA4','D9473F14-31CF-11E3-B050-90B11C202735', 0, 0, NULL, NULL, 0),
('D54BB5F5-AC38-4DC6-BDE2-689B032FCAA4','D949ED72-31CF-11E3-B050-90B11C202735', 0, 0, NULL, NULL, 0),
('D54BB5F5-AC38-4DC6-BDE2-689B032FCAA4','D960BF3E-31CF-11E3-B050-90B11C202735', 0, 0, NULL, NULL, 0),
('D54BB5F5-AC38-4DC6-BDE2-689B032FCAA4','D96152A0-31CF-11E3-B050-90B11C202735', 0, 0, NULL, NULL, 0),
('D54BB5F5-AC38-4DC6-BDE2-689B032FCAA4','D9619D50-31CF-11E3-B050-90B11C202735', 0, 0, NULL, NULL, 0),
('D54BB5F5-AC38-4DC6-BDE2-689B032FCAA4','D9654220-31CF-11E3-B050-90B11C202735', 0, 0, NULL, NULL, 0),
('D54BB5F5-AC38-4DC6-BDE2-689B032FCAA4','F8FA4BAC-3FAD-4162-8384-F32B6A05F310', 0, 0, NULL, NULL, 0),
('D54BB5F5-AC38-4DC6-BDE2-689B032FCAA4','FA6026F6-D1A6-402A-907E-F6B0F9C64CAA', 0, 0, NULL, NULL, 0),
('D94A7364-31CF-11E3-B050-90B11C202735', '', 0, 0, NULL, NULL, 0),
('DE7C3B67-24B0-46B5-81DE-38CCBC4CA346','D94068EC-31CF-11E3-B050-90B11C202735', 0, 0, NULL, NULL, 0),
('DE7C3B67-24B0-46B5-81DE-38CCBC4CA346','D94D4E7C-31CF-11E3-B050-90B11C202735', 0, 0, NULL, NULL, 0),
('DE7C3B67-24B0-46B5-81DE-38CCBC4CA346','D95090BE-31CF-11E3-B050-90B11C202735', 0, 0, NULL, NULL, 0),
('DE7C3B67-24B0-46B5-81DE-38CCBC4CA346','D95F129C-31CF-11E3-B050-90B11C202735', 0, 0, NULL, NULL, 0),
('ECED1EFE-7DA8-4681-B386-E8A7D1607EF6','75C6A0E0-E25E-4C28-8AC7-3F2D0CF7BFE5', 0, 0, NULL, NULL, 0),
('ECED1EFE-7DA8-4681-B386-E8A7D1607EF6','BFEAEA6B-E918-48D0-ADEA-6BA9CB540A9B', 0, 0, NULL, NULL, 0),
('ECED1EFE-7DA8-4681-B386-E8A7D1607EF6','C7851D34-F8EC-4538-945A-C36F187AF925', 0, 0, NULL, NULL, 0),
('ECED1EFE-7DA8-4681-B386-E8A7D1607EF6','D940DDD6-31CF-11E3-B050-90B11C202735', 0, 0, NULL, NULL, 0),
('ECED1EFE-7DA8-4681-B386-E8A7D1607EF6','D940FE4C-31CF-11E3-B050-90B11C202735', 0, 0, NULL, NULL, 0),
('ECED1EFE-7DA8-4681-B386-E8A7D1607EF6','D9412E26-31CF-11E3-B050-90B11C202735', 0, 0, NULL, NULL, 0),
('ECED1EFE-7DA8-4681-B386-E8A7D1607EF6','D942C600-31CF-11E3-B050-90B11C202735', 0, 0, NULL, NULL, 0),
('ECED1EFE-7DA8-4681-B386-E8A7D1607EF6','D943E328-31CF-11E3-B050-90B11C202735', 0, 0, NULL, NULL, 0),
('ECED1EFE-7DA8-4681-B386-E8A7D1607EF6','D9446172-31CF-11E3-B050-90B11C202735', 0, 0, NULL, NULL, 0),
('ECED1EFE-7DA8-4681-B386-E8A7D1607EF6','D9448936-31CF-11E3-B050-90B11C202735', 0, 0, NULL, NULL, 0),
('ECED1EFE-7DA8-4681-B386-E8A7D1607EF6','D944AED4-31CF-11E3-B050-90B11C202735', 0, 0, NULL, NULL, 0),
('ECED1EFE-7DA8-4681-B386-E8A7D1607EF6','D944F650-31CF-11E3-B050-90B11C202735', 0, 0, NULL, NULL, 0),
('ECED1EFE-7DA8-4681-B386-E8A7D1607EF6','D9456F90-31CF-11E3-B050-90B11C202735', 0, 0, NULL, NULL, 0),
('ECED1EFE-7DA8-4681-B386-E8A7D1607EF6','D945ED6C-31CF-11E3-B050-90B11C202735', 0, 0, NULL, NULL, 0),
('ECED1EFE-7DA8-4681-B386-E8A7D1607EF6','D9473F14-31CF-11E3-B050-90B11C202735', 0, 0, NULL, NULL, 0),
('ECED1EFE-7DA8-4681-B386-E8A7D1607EF6','D947BFA2-31CF-11E3-B050-90B11C202735', 0, 0, NULL, NULL, 0),
('ECED1EFE-7DA8-4681-B386-E8A7D1607EF6','D948CE7E-31CF-11E3-B050-90B11C202735', 0, 0, NULL, NULL, 0),
('ECED1EFE-7DA8-4681-B386-E8A7D1607EF6','D94915FA-31CF-11E3-B050-90B11C202735', 0, 0, NULL, NULL, 0),
('ECED1EFE-7DA8-4681-B386-E8A7D1607EF6','D9495916-31CF-11E3-B050-90B11C202735', 0, 0, NULL, NULL, 0),
('ECED1EFE-7DA8-4681-B386-E8A7D1607EF6','D94B3C72-31CF-11E3-B050-90B11C202735', 0, 0, NULL, NULL, 0),
('ECED1EFE-7DA8-4681-B386-E8A7D1607EF6','D94B9762-31CF-11E3-B050-90B11C202735', 0, 0, NULL, NULL, 0),
('ECED1EFE-7DA8-4681-B386-E8A7D1607EF6','D94BF1C6-31CF-11E3-B050-90B11C202735', 0, 0, NULL, NULL, 0),
('ECED1EFE-7DA8-4681-B386-E8A7D1607EF6','D94C774A-31CF-11E3-B050-90B11C202735', 0, 0, NULL, NULL, 0),
('ECED1EFE-7DA8-4681-B386-E8A7D1607EF6','D94CBE6C-31CF-11E3-B050-90B11C202735', 0, 0, NULL, NULL, 0),
('ECED1EFE-7DA8-4681-B386-E8A7D1607EF6','D94D09A8-31CF-11E3-B050-90B11C202735', 0, 0, NULL, NULL, 0),
('ECED1EFE-7DA8-4681-B386-E8A7D1607EF6','D94DA714-31CF-11E3-B050-90B11C202735', 0, 0, NULL, NULL, 0),
('ECED1EFE-7DA8-4681-B386-E8A7D1607EF6','D94E4EB2-31CF-11E3-B050-90B11C202735', 0, 0, NULL, NULL, 0),
('ECED1EFE-7DA8-4681-B386-E8A7D1607EF6','D94EFE8E-31CF-11E3-B050-90B11C202735', 0, 0, NULL, NULL, 0),
('ECED1EFE-7DA8-4681-B386-E8A7D1607EF6','D9519216-31CF-11E3-B050-90B11C202735', 0, 0, NULL, NULL, 0),
('ECED1EFE-7DA8-4681-B386-E8A7D1607EF6','D951F706-31CF-11E3-B050-90B11C202735', 0, 0, NULL, NULL, 0),
('ECED1EFE-7DA8-4681-B386-E8A7D1607EF6','D954486C-31CF-11E3-B050-90B11C202735', 0, 0, NULL, NULL, 0),
('ECED1EFE-7DA8-4681-B386-E8A7D1607EF6','D961085E-31CF-11E3-B050-90B11C202735', 0, 0, NULL, NULL, 0),
('ECED1EFE-7DA8-4681-B386-E8A7D1607EF6','D9622D24-31CF-11E3-B050-90B11C202735', 0, 0, NULL, NULL, 0),
('ECED1EFE-7DA8-4681-B386-E8A7D1607EF6','D964AD06-31CF-11E3-B050-90B11C202735', 0, 0, NULL, NULL, 0),
('ECED1EFE-7DA8-4681-B386-E8A7D1607EF6','D9654220-31CF-11E3-B050-90B11C202735', 0, 0, NULL, NULL, 0),
('ECED1EFE-7DA8-4681-B386-E8A7D1607EF6','F70BD658-9AD7-4F33-B6B0-7FF590ED1A31', 0, 0, NULL, NULL, 0),
('ECED1EFE-7DA8-4681-B386-E8A7D1607EF6','FA6026F6-D1A6-402A-907E-F6B0F9C64CAA', 0, 0, NULL, NULL, 0);

-- '--------------------------------------------------------

--
-- Table structure for table photoCategoryInfo
--

CREATE TABLE photoCategoryInfo (
  category_id varchar(36) NOT NULL,
  category_name varchar(50) NOT NULL,
  date_added date NOT NULL,
  date_last_modified datetime NULL DEFAULT NULL,
  inactive_switch int NOT NULL DEFAULT 0
  )
GO

--
-- Dumping data for table photoCategoryInfo
--

INSERT INTO photoCategoryInfo (category_id, category_name, date_added, date_last_modified, inactive_switch) VALUES
('08E9D83E-5D43-4DD9-BF4E-7E5019E63B33', 'architecture', 2013-08-04, '2013-08-05 02:21:17', 0),
('1165FB4F-6AC5-4CBD-941F-88970C3DE29B', 'winter', 2013-08-29, null, 0),
('29C42B0C-2E8E-4657-9017-AC68CFDFD11B', 'landscapes', 2013-08-29, null, 0),
('2FEC6384-0791-4781-B5EB-5D339173019B', 'originals', 2013-08-29, null, 0),
('3ADD0061-0E71-4D25-BBF8-041C64F45099', 'waterfalls', 2013-08-29, null, 0),
('4248ACF0-1863-4631-B482-EF88121EF5BF', 'large', 2013-08-29, null, 0),
('49B1AD54-C5ED-4170-A8A1-6DE3207D584E', 'sunsets', 2013-08-29, null, 0),
('4D96B6DA-9838-489B-B97B-CCA6D098F4DD', 'weddings', 2013-08-29, null, 0),
('66B591A1-EA04-4AE2-A163-DA68042D6E0A', 'seniorpics', 2013-08-29, null, 0),
('8340743B-E1B8-4635-B923-D1520475E3E9', 'reflections', 2013-08-29, null, 0),
('85BB1E02-F3ED-4302-A719-D0B882C8FB73', 'fall', 2013-08-05, null, 0),
('927F63F1-902E-4033-B8B3-1A835D2883A6', 'background', 2013-08-05, null, 0),
('9E00A999-629E-4AE9-B959-CB7D9EF5E3EF', 'waterscapes', 2013-08-29, null, 0),
('D54BB5F5-AC38-4DC6-BDE2-689B032FCAA4', 'color_popping', 2013-08-05, null, 0),
('DE7C3B67-24B0-46B5-81DE-38CCBC4CA346', 'pov', 2013-08-29, null, 0),
('EAF1F010-5402-4371-A5F9-EE0B78B70C05', 'newphotos', 2013-08-29, '2013-08-29 23:37:06', 0),
('ECED1EFE-7DA8-4681-B386-E8A7D1607EF6', 'close_ups', 2013-08-05, null, 0);

-- '--------------------------------------------------------

--
-- Table structure for table photoFileInfo
--

CREATE TABLE photoFileInfo (
  file_location_id varchar(36) NOT NULL,
  file_root_location varchar(50) NOT NULL
)
GO

--
-- Dumping data for table photoFileInfo
--

INSERT INTO photoFileInfo (file_location_id, file_root_location) VALUES
('5710248B-8AA4-44F5-8945-6CAE456F95DF', '/Pictures/');

-- '--------------------------------------------------------

--
-- Table structure for table photoFrontPage
--

CREATE TABLE photoFrontPage (
  category_id varchar(36) NOT NULL,
  photo_id varchar(36) NOT NULL,
  order_number int DEFAULT NULL,
  photo_name varchar(50) DEFAULT NULL,
  photo_description varchar(200) DEFAULT NULL,
  inactive_switch int NOT NULL DEFAULT 0
)
GO
--
-- Dumping data for table photoFrontPage
--

INSERT INTO photoFrontPage (category_id, photo_id, order_number, photo_name, photo_description, inactive_switch) VALUES
('08E9D83E-5D43-4DD9-BF4E-7E5019E63B33', '53919182-1955-40C1-8518-C6551F3F3E66', NULL, NULL, 'Architecture', 0),
('1165FB4F-6AC5-4CBD-941F-88970C3DE29B', '655884FF-2295-4314-8145-31C0A969B081', NULL, NULL, 'Winter', 0);

-- '--------------------------------------------------------

--
-- Table structure for table photoInfo
--

CREATE TABLE photoInfo (
  photo_id varchar(36) NOT NULL,
  file_name varchar(50) NOT NULL,
  original_name varchar(50) NOT NULL,
  original_description varchar(500) NOT NULL DEFAULT 'Need Description',
  keywords varchar(500) NOT NULL,
  date_added date NOT NULL,
  date_last_modified timestamp NULL DEFAULT NULL,
  inactive_switch int NOT NULL DEFAULT 0,
  new_switch int NOT NULL DEFAULT 0
)
GO

--
-- Dumping data for table photoInfo
--

INSERT INTO photoInfo (photo_id, file_name, original_name, original_description, keywords, date_added, date_last_modified, inactive_switch, new_switch) VALUES
('00A557CB-E7A6-431A-A422-B253B193E6EF', 'badland_road_1.jpg', 'Badland Road', '1 of 2', 'badlands', 'badland', 'south dakota', 'road', 'landscape', 2013-10-10, '2013-10-16 19:16:57', 0, 0),
('010FE689-4C84-4C2B-990A-336249030B17', 'badland_road_2.jpg', 'Badland Road', '2 of 2', 'badlands', 'badland', 'south dakota', 'road', 'landscape', 2013-10-10, '2013-10-16 19:16:57', 0, 0),
('04774519-AC53-4AD2-AE26-96E885DD2771', 'black_sand_beach_1.jpg', 'Black Sand Beach', '1 of 5', 'black sand', 'sand', 'beach', 'ocean', 2013-10-10, '2013-10-16 19:16:57', 0, 0),
('11561763-A317-4AAA-9FD3-0846D3273712', 'black_sand_beach_2.jpg', 'Black Sand Beach', '2 of 5', 'black sand', 'sand', 'beach', 'ocean', 2013-10-10, '2013-10-16 19:16:57', 0, 0),
('1E2970DE-6541-4544-B10A-0917E317B5B3', 'black_sand_beach_3.jpg', 'Black Sand Beach', '3 of 5', 'black sand', 'sand', 'beach', 'ocean', 2013-10-10, '2013-10-16 19:16:57', 0, 0),
('1F338649-992D-449C-9E8E-7FAE33896EF3', 'black_sand_beach_4.jpg', 'Black Sand Beach', '4 of 5', 'black sand', 'sand', 'beach', 'ocean', 2013-10-10, '2013-10-16 19:16:57', 0, 0),
('1FE807C0-E612-450B-B034-BB0DE31EAE6F', 'black_sand_beach_5.jpg', 'Black Sand Beach', '5 of 5', 'black sand', 'sand', 'beach', 'ocean', 2013-10-10, '2013-10-16 19:16:57', 0, 0),
('23B228DC-B726-4F42-858E-58ACC1B19E87', 'blanket_falls.jpg', 'Blanket Falls', Needs Description, waterfall, water, 2013-10-10, 2013-10-16 19:16:57, 0, 0),
('24BFCCB4-9ED1-45D0-81F1-0BE702923D0B', 'blanket_rocks.jpg', 'Blanket Rocks', Needs Description, rocks, water, ripples, rapids, 2013-10-10, 2013-10-16 19:16:57, 0, 0),
('32278411-62D6-444C-A8D9-BBF64024ED24', 'blending_colors.jpg', Blending Colors, Needs Description, , 2013-10-10, 2013-10-16 19:16:57, 0, 0),
('3431146C-80A7-44CD-9292-CCCA20E218D8', 'blue_birch.jpg', Blue Birch, Needs Description, trees, birch trees, birch, nature, forest, 2013-10-10, 2013-10-16 19:16:57, 0, 0),
('34616A68-7B12-40A6-87C5-DDA4A1A449D4', 'bridge_of_ice.jpg', Bridge Of Ice, Needs Description, ice, winter, 2013-10-10, 2013-10-16 19:16:57, 0, 0),
('37948784-AF55-4D03-BFC0-8916A8328D57', 'burning_pines.jpg', Burning Pines, Needs Description, pines, pine, pine trees, trees, 2013-10-10, 2013-10-16 19:16:57, 0, 0),
('3D17C7D7-F132-4178-8631-0B0BE008C2BB', 'badlands.jpg', Badlands, Needs Description, badlands, south dakota, landscape, badland, 2013-10-10, 2013-10-16 19:16:57, 0, 0),
('45012755-6027-45D1-BADC-D217BADE79CF', 'cathedral_corner_1.jpg', Cathedral Corner, 1 of 4, architecture, cathedral, 2013-10-10, 2013-10-16 19:16:57, 1, 0),
('53919182-1955-40C1-8518-C6551F3F3E66', 'cathedral_corner_2.jpg', Cathedral Corner, 2 of 4, architecture, cathedral, 2013-10-10, 2013-10-16 19:16:57, 0, 0),
('6281A6BA-FAD5-4C15-B853-FD5DD1DE5B26', 'cathedral_corner_3.jpg', Cathedral Corner, 3 of 4, architecture, cathedral, 2013-10-10, 2013-10-16 19:16:57, 0, 0),
('64B0F74C-BA94-4C06-955A-860D47D0338F', 'cathedral_corner_4.jpg', Cathedral Corner, 4 of 4, architecture, cathedral, 2013-10-10, 2013-10-16 19:16:57, 0, 0),
('652C4F14-AF1B-4B92-A618-5DACF356A39F', 'city_on_the_river.jpg', City On The River, Needs Description, city, landscape, citiscape, 2013-10-10, 2013-10-16 19:16:57, 0, 0),
('655884FF-2295-4314-8145-31C0A969B081', 'clear_as_ice.jpg', Clear As Ice, Needs Description, winter, ice, 2013-10-10, 2013-10-16 19:16:57, 0, 0),
('75C6A0E0-E25E-4C28-8AC7-3F2D0CF7BFE5', 'close_ferns.jpg', Close Ferns, Needs Description, fern, ferns, plants, nature, close up, close, 2013-10-10, 2013-10-16 19:16:57, 0, 0),
('7A293FC9-5CDC-4F31-A65A-5C21B500C3BF', 'close_quarters.jpg', Close Quarters, Needs Description, , 2013-10-10, 2013-10-16 19:16:57, 0, 0),
('7ECE4974-0D4F-48B3-8F79-3709640E0D75', 'colors_ahead.jpg', Colors Ahead, Needs Description, fall, 2013-10-10, 2013-10-16 19:16:57, 0, 0),
('8BB2CF72-6F2C-44FE-91CE-6FB097198D7C', 'colors_unite.jpg', Colors Unite, Needs Description, fall, 2013-10-10, 2013-10-16 19:16:57, 0, 0),
('8C56EE2A-31CF-11E3-B050-90B11C202735', 'hidden_bride.jpg', Hidden Bride, Needs Description, wedding, 2013-10-10, 2013-10-16 19:16:57, 0, 0),
('9420F8FB-5FFE-4FBD-9372-32C8F43D9C8F', 'covered_with_white.jpg', Covered With White, Needs Description, winter, 2013-10-10, 2013-10-16 19:16:57, 1, 0),
('94FBE49D-81E6-492F-ABCC-B7ADB3099305', 'creeping_fall.jpg', Creeping Fall, Needs Description, fall, 2013-10-10, 2013-10-16 19:16:57, 0, 0),
('A37AA25F-A5F1-43CC-9793-C86E8050B175', 'curves_of_orange.jpg', Curves Of Orange, Needs Description, fall, 2013-10-10, 2013-10-16 19:16:57, 0, 0),
('A43F7D0D-42F9-498E-99EA-8998350B4CA1', 'dock_to_the_skies.jpg', Dock To The Skies, Needs Description, water, landscape, 2013-10-10, 2013-10-16 19:16:57, 0, 0),
('B0F58665-ED3E-468A-85CE-4CBF0E1000FC', 'fading_lights.jpg', Fading Lights, Needs Description, , 2013-10-10, 2013-10-16 19:16:57, 0, 0),
('BAB5741D-974D-4290-8202-165C2BB0498F', 'fallen_foes.jpg', Fallen Foes, Needs Description, , 2013-10-10, 2013-10-16 19:16:57, 0, 0),
('BDF51882-3FF7-4293-B4BC-F8133A46C245', 'field_of_frost.jpg', Field Of Frost, Needs Description, winter, landscape, 2013-10-10, 2013-10-16 19:16:57, 1, 0),
('BF24826D-3A7A-48D9-A0BD-364B4E5A7EE9', 'fire_from_below.jpg', Fire From Below, Needs Description, yellowstone, geyser, steam, 2013-10-10, 2013-10-16 19:16:57, 0, 0),
('BFEAEA6B-E918-48D0-ADEA-6BA9CB540A9B', 'frosty_fall_1.jpg', Frosty Fall, 1 of 2, fall, winter, landscape, 2013-10-10, 2013-10-16 19:16:57, 0, 0),
('C7851D34-F8EC-4538-945A-C36F187AF925', 'frosty_fall_2.jpg', Frosty Fall, 2 of 2, fall, winter, landscape, 2013-10-10, 2013-10-16 19:16:57, 0, 0),
('CA64753F-34C7-4314-ADC8-420EA42CA601', 'frozen_light_1.jpg', Frozen Light, 1 of 2, winter, 2013-10-10, 2013-10-16 19:16:57, 0, 0),
('D94068EC-31CF-11E3-B050-90B11C202735', 'hidden_butterfly.jpg', Hidden Butterfly, Needs Description, nature, butterfly, 2013-10-10, 2013-10-16 19:16:57, 0, 0),
('D940AD98-31CF-11E3-B050-90B11C202735', 'hidden_falls.jpg', Hidden Falls, Needs Description, waterfall, water, 2013-10-10, 2013-10-16 19:16:57, 0, 0),
('D940DDD6-31CF-11E3-B050-90B11C202735', 'hidden_object_1.jpg', Hidden Object, 1 of 3, , 2013-10-10, 2013-10-16 19:16:57, 0, 0),
('D940FE4C-31CF-11E3-B050-90B11C202735', 'hidden_object_2.jpg', Hidden Object, 2 of 3, , 2013-10-10, 2013-10-16 19:16:57, 0, 0),
('D9412E26-31CF-11E3-B050-90B11C202735', 'hidden_object_3.jpg', Hidden Object, 3 of 3, , 2013-10-10, 2013-10-16 19:16:57, 0, 0),
('D9416C06-31CF-11E3-B050-90B11C202735', 'hidden_pond_1.jpg', Hidden Pond, 1 of 2, water, 2013-10-10, 2013-10-16 19:16:57, 0, 0),
('D941BF58-31CF-11E3-B050-90B11C202735', 'hidden_pond_2.jpg', Hidden Pond, 2 of 2, water, 2013-10-10, 2013-10-16 19:16:57, 0, 0),
('D941FB12-31CF-11E3-B050-90B11C202735', 'hints_of_winter_1.jpg', Hints Of Winter, 1 of 2, winter, 2013-10-10, 2013-10-16 19:16:57, 0, 0),
('D942452C-31CF-11E3-B050-90B11C202735', 'hints_of_winter_2.jpg', Hints Of Winter, 2 of 2, winter, 2013-10-10, 2013-10-16 19:16:57, 0, 0),
('D9428C8A-31CF-11E3-B050-90B11C202735', 'hints_of_winter_shadow.jpg', Hints Of Winter Shadow, Needs Description, winter, 2013-10-10, 2013-10-16 19:16:57, 0, 0),
('D942C600-31CF-11E3-B050-90B11C202735', 'hot_water.jpg', Hot Water, Needs Description, yellowstone, geyser, steam, 2013-10-10, 2013-10-16 19:16:57, 0, 0),
('D943014C-31CF-11E3-B050-90B11C202735', 'icy_pillars.jpg', Icy Pillars, Needs Description, winter, 2013-10-10, 2013-10-16 19:16:57, 0, 0),
('D9433D7E-31CF-11E3-B050-90B11C202735', 'icy_shapes_1.jpg', Icy Shapes, 1 of 3, winter, ice, 2013-10-10, 2013-10-16 19:16:57, 0, 0),
('D9437FA0-31CF-11E3-B050-90B11C202735', 'icy_shapes_2.jpg', Icy Shapes, 2 of 3, winter, ice, 2013-10-10, 2013-10-16 19:16:57, 0, 0),
('D943B93E-31CF-11E3-B050-90B11C202735', 'icy_shapes_3.jpg', Icy Shapes, 3 of 3, winter, ice, 2013-10-10, 2013-10-16 19:16:57, 0, 0),
('D943E328-31CF-11E3-B050-90B11C202735', 'largely_green.jpg', Largely Green, Needs Description, , 2013-10-10, 2013-10-16 19:16:57, 0, 0),
('D9441C1C-31CF-11E3-B050-90B11C202735', 'layers_of_color.jpg', Layers Of Color, Needs Description, , 2013-10-10, 2013-10-16 19:16:57, 0, 0),
('D9446172-31CF-11E3-B050-90B11C202735', 'life_of_a_bubble_1.jpg', Life Of A Bubble, 1 of 5, , 2013-10-10, 2013-10-16 19:16:57, 0, 0),
('D9448936-31CF-11E3-B050-90B11C202735', 'life_of_a_bubble_2.jpg', Life Of A Bubble, 2 of 5, , 2013-10-10, 2013-10-16 19:16:57, 0, 0),
('D944AED4-31CF-11E3-B050-90B11C202735', 'life_of_a_bubble_3.jpg', Life Of A Bubble, 3 of 5, , 2013-10-10, 2013-10-16 19:16:57, 0, 0),
('D944F650-31CF-11E3-B050-90B11C202735', 'life_of_a_bubble_4.jpg', Life Of A Bubble, 4 of 5, , 2013-10-10, 2013-10-16 19:16:57, 0, 0),
('D9456F90-31CF-11E3-B050-90B11C202735', 'life_of_a_bubble_5.jpg', Life Of A Bubble, 5 of 5, , 2013-10-10, 2013-10-16 19:16:57, 0, 0),
('D945ED6C-31CF-11E3-B050-90B11C202735', 'light_green.jpg', Light Green, Needs Description, , 2013-10-10, 2013-10-16 19:16:57, 0, 0),
('D9467778-31CF-11E3-B050-90B11C202735', 'light_the_way.jpg', Light The Way, Needs Description, , 2013-10-10, 2013-10-16 19:16:57, 0, 0),
('D9473F14-31CF-11E3-B050-90B11C202735', 'lilys.jpg', Lilys, Needs Description, flower, flowers, plants, nature, 2013-10-10, 2013-10-16 19:16:57, 0, 0),
('D947BFA2-31CF-11E3-B050-90B11C202735', 'lone_rock.jpg', Lone Rock, Needs Description, rock, nature, 2013-10-10, 2013-10-16 19:16:57, 0, 0),
('D9480E12-31CF-11E3-B050-90B11C202735', 'lower_minehaha.jpg', Lower Minehaha, Needs Description, , 2013-10-10, 2013-10-16 19:16:57, 0, 0),
('D9484E90-31CF-11E3-B050-90B11C202735', 'minnehaha_falls.jpg', Minnehaha Falls, Needs Description, water, waterfall, minnesota, minnehaha, 2013-10-10, 2013-10-16 19:16:57, 0, 0),
('D9488D7E-31CF-11E3-B050-90B11C202735', 'miracle_growth.jpg', Miracle Growth, Needs Description, tree, nature, grand canyon, landscape, 2013-10-10, 2013-10-16 19:16:57, 0, 0),
('D948CE7E-31CF-11E3-B050-90B11C202735', 'moose.jpg', Moose, Needs Description, nature, close up, close ups, 2013-10-10, 2013-10-16 19:16:57, 0, 0),
('D94915FA-31CF-11E3-B050-90B11C202735', 'moose_drool_1.jpg', Moose Drool, 1 of 2, nature, wildlife, moose, 2013-10-10, 2013-10-16 20:49:42, 0, 0),
('D9495916-31CF-11E3-B050-90B11C202735', 'moose_drool_2.jpg', Moose Drool, 2 of 2, nature, wildlife, moose, 2013-10-10, 2013-10-16 20:49:42, 0, 0),
('D9499F70-31CF-11E3-B050-90B11C202735', 'paradise_sunset.jpg', Paradise Sunset, Needs Description, sunset, landscape, nature, 2013-10-10, 2013-10-16 19:16:57, 0, 0),
('D949ED72-31CF-11E3-B050-90B11C202735', 'park_on_grand.jpg', Park On Grand, Needs Description, citiscape, color popping, color pop, 2013-10-10, 2013-10-16 19:16:57, 0, 0),
('D94A3110-31CF-11E3-B050-90B11C202735', 'path_of_shadows.jpg', Path Of Shadows, Needs Description, , 2013-10-10, 2013-10-16 19:16:57, 0, 0),
('D94A7364-31CF-11E3-B050-90B11C202735', 'perfect_splash.jpg', Perfect Splash, Needs Description, rock, sand, nature, close up, close ups, 2013-10-10, 2013-10-16 19:16:57, 0, 0),
('D94AD598-31CF-11E3-B050-90B11C202735', 'perfect_view.jpg', Perfect View, Needs Description, , 2013-10-10, 2013-10-16 19:16:57, 0, 0),
('D94B3C72-31CF-11E3-B050-90B11C202735', 'pink_and_purple.jpg', Pink And Purple, Needs Description, flower, flowers, plants, nature, 2013-10-10, 2013-10-16 19:16:57, 0, 0),
('D94B9762-31CF-11E3-B050-90B11C202735', 'pink_shade.jpg', Pink Shade, Needs Description, , 2013-10-10, 2013-10-16 19:16:57, 0, 0),
('D94BF1C6-31CF-11E3-B050-90B11C202735', 'poky_plant.jpg', Poky Plant, Needs Description, flower, flowers, plants, nature, 2013-10-10, 2013-10-16 19:16:57, 0, 0),
('D94C25C4-31CF-11E3-B050-90B11C202735', 'pool_of_color.jpg', Pool Of Color, Needs Description, water, reflection, reflections, fall, 2013-10-10, 2013-10-16 19:16:57, 0, 0),
('D94C4892-31CF-11E3-B050-90B11C202735', 'rainbows_end.jpg', Rainbows End, Needs Description, rainbow, landscape, nature, weather, 2013-10-10, 2013-10-16 19:16:57, 0, 0),
('D94C774A-31CF-11E3-B050-90B11C202735', 'rainbow_paper_1.jpg', Rainbow Paper, 1 of 3, tree, nature, close up, close ups, hawaii, 2013-10-10, 2013-10-16 19:16:57, 0, 0),
('D94CBE6C-31CF-11E3-B050-90B11C202735', 'rainbow_paper_2.jpg', Rainbow Paper, 2 of 3, tree, nature, close up, close ups, hawaii, 2013-10-10, 2013-10-16 19:16:57, 0, 0),
('D94D09A8-31CF-11E3-B050-90B11C202735', 'rainbow_paper_3.jpg', Rainbow Paper, 3 of 3, tree, nature, close up, close ups, hawaii, 2013-10-10, 2013-10-16 19:16:57, 0, 0),
('D94D4E7C-31CF-11E3-B050-90B11C202735', 'rainbow_reaching.jpg', Rainbow Reaching, Needs Description, , 2013-10-10, 2013-10-16 19:16:57, 0, 0),
('D94DA714-31CF-11E3-B050-90B11C202735', 'reaching_purple.jpg', Reaching Purple, Needs Description, , 2013-10-10, 2013-10-16 19:16:57, 0, 0),
('D94E0272-31CF-11E3-B050-90B11C202735', 'reaching_reds.jpg', Reaching Reds, Needs Description, , 2013-10-10, 2013-10-16 19:16:57, 0, 0),
('D94E4EB2-31CF-11E3-B050-90B11C202735', 'ring_reflection.jpg', Ring Reflection, Needs Description, wedding, close up, close ups, closeup, 2013-10-10, 2013-10-16 19:16:57, 0, 0),
('D94E9250-31CF-11E3-B050-90B11C202735', 'rocky_ridge.jpg', Rocky Ridge, Needs Description, nature, landscape, 2013-10-10, 2013-10-16 19:16:57, 0, 0),
('D94ED030-31CF-11E3-B050-90B11C202735', 'rock_colors.jpg', Rock Colors, Needs Description, rock, nature, 2013-10-10, 2013-10-16 19:20:49, 0, 0),
('D94EFE8E-31CF-11E3-B050-90B11C202735', 'ruby_leaves.jpg', Ruby Leaves, Needs Description, fall, nature, leaves, 2013-10-10, 2013-10-16 19:20:49, 0, 0),
('D94F4E02-31CF-11E3-B050-90B11C202735', 'shadow_mountains.jpg', Shadow Mountains, Needs Description, mountain, mountains, nature, landscape, 2013-10-10, 2013-10-16 19:20:49, 0, 0),
('D94FA672-31CF-11E3-B050-90B11C202735', 'shadow_palm.jpg', Shadow Palm, Needs Description, nature, tropical, tree, palm, palm tree, 2013-10-10, 2013-10-16 19:20:49, 0, 0),
('D94FFF14-31CF-11E3-B050-90B11C202735', 'shady_cathedral.jpg', Shady Cathedral, Needs Description, architecture, cathedral, 2013-10-10, 2013-10-16 19:20:49, 1, 0),
('D95047C6-31CF-11E3-B050-90B11C202735', 'shady_cathedral_B&W.jpg', Shady Cathedral Black And White, Needs Description, architecture, cathedral, 2013-10-10, 2013-10-16 19:20:49, 1, 0),
('D95090BE-31CF-11E3-B050-90B11C202735', 'shapes_above.jpg', Shapes Above, Needs Description, , 2013-10-10, 2013-10-16 19:20:49, 0, 0),
('D950DF74-31CF-11E3-B050-90B11C202735', 'small_wake.jpg', Small Wake, Needs Description, , 2013-10-10, 2013-10-16 19:20:49, 0, 0),
('D9513154-31CF-11E3-B050-90B11C202735', 'staring_shadows.jpg', Staring Shadows, Needs Description, , 2013-10-10, 2013-10-16 19:20:49, 0, 0),
('D9519216-31CF-11E3-B050-90B11C202735', 'steamy_shapes_1.jpg', Steamy Shapes, 1 of 2, , 2013-10-10, 2013-10-16 19:20:49, 0, 0),
('D951F706-31CF-11E3-B050-90B11C202735', 'steamy_shapes_2.jpg', Steamy Shapes, 2 of 2, , 2013-10-10, 2013-10-16 19:20:49, 0, 0),
('D9524986-31CF-11E3-B050-90B11C202735', 'steamy_trees.jpg', Steamy Trees, Needs Description, , 2013-10-10, 2013-10-16 19:20:49, 0, 0),
('D952AFA2-31CF-11E3-B050-90B11C202735', 'sunset_ridge.jpg', Sunset Ridge, Needs Description, sunset, landscape, nature, 2013-10-10, 2013-10-16 19:20:49, 0, 0),
('D952FCFA-31CF-11E3-B050-90B11C202735', 'sunset_sail.jpg', Sunset Sail, Needs Description, sunset, nature, 2013-10-10, 2013-10-16 19:20:49, 0, 0),
('D9533698-31CF-11E3-B050-90B11C202735', 'tall_colors.jpg', Tall Colors, Needs Description, trees, nature, fall, leaves, 2013-10-10, 2013-10-16 19:20:49, 0, 0),
('D9536C12-31CF-11E3-B050-90B11C202735', 'textures_of_pink.jpg', Textures Of Pink, Needs Description, , 2013-10-10, 2013-10-16 19:20:49, 0, 0),
('D953E41C-31CF-11E3-B050-90B11C202735', 'the_heart_of_fall.jpg', The Heart Of Fall, Needs Description, fall, leaves, nature, 2013-10-10, 2013-10-16 19:20:49, 0, 0),
('D954486C-31CF-11E3-B050-90B11C202735', 'thirsty_moose.jpg', Thirsty Moose, Needs Description, nature, wildlife, moose, 2013-10-10, 2013-10-16 19:20:49, 0, 0),
('D954B2F2-31CF-11E3-B050-90B11C202735', 'three_bears_1.jpg', Three Bears, 1 of 4, , 2013-10-10, 2013-10-16 19:20:49, 0, 0),
('D9550482-31CF-11E3-B050-90B11C202735', 'three_bears_2.jpg', Three Bears, 2 of 4, , 2013-10-10, 2013-10-16 19:20:49, 0, 0),
('D955615C-31CF-11E3-B050-90B11C202735', 'three_bears_3.jpg', Three Bears, 3 of 4, , 2013-10-10, 2013-10-16 19:20:49, 0, 0),
('D95599C4-31CF-11E3-B050-90B11C202735', 'three_bears_4.jpg', Three Bears, 4 of 4, , 2013-10-10, 2013-10-16 19:20:49, 0, 0),
('D95EC5EE-31CF-11E3-B050-90B11C202735', 'three_palms.jpg', Three Palms, Needs Description, nature, trees, 2013-10-10, 2013-10-16 19:20:49, 0, 0),
('D95F129C-31CF-11E3-B050-90B11C202735', 'tight_heights.jpg', Tight Heights, Needs Description, , 2013-10-10, 2013-10-16 19:20:49, 0, 0),
('D95F76CE-31CF-11E3-B050-90B11C202735', 'traces_of_maple.jpg', Traces Of Maple, Needs Description, , 2013-10-10, 2013-10-16 19:20:49, 0, 0),
('D95FD7EA-31CF-11E3-B050-90B11C202735', 'trail_colors.jpg', Trail Colors, Needs Description, , 2013-10-10, 2013-10-16 19:20:49, 0, 0),
('D96027A4-31CF-11E3-B050-90B11C202735', 'trapped_by_fall.jpg', Trapped By Fall, Needs Description, , 2013-10-10, 2013-10-16 19:20:49, 0, 0),
('D960667E-31CF-11E3-B050-90B11C202735', 'water_colors.jpg', Water Colors, Needs Description, , 2013-10-10, 2013-10-16 19:20:49, 0, 0),
('D960BF3E-31CF-11E3-B050-90B11C202735', 'wedding_day_smells.jpg', Wedding Day Smells, Needs Description, wedding, 2013-10-10, 2013-10-16 19:20:49, 0, 0),
('D961085E-31CF-11E3-B050-90B11C202735', 'wet_colors.jpg', Wet Colors, Needs Description, , 2013-10-10, 2013-10-16 19:20:49, 0, 0),
('D96152A0-31CF-11E3-B050-90B11C202735', 'what_about_halloween.jpg', What About Halloween, Needs Description, , 2013-10-10, 2013-10-16 20:40:04, 0, 0),
('D9619D50-31CF-11E3-B050-90B11C202735', 'what_smells.jpg', What Smells, Needs Description, , 2013-10-10, 2013-10-16 20:40:04, 0, 0),
('D961F91C-31CF-11E3-B050-90B11C202735', 'white_birch.jpg', White Birch, Needs Description, , 2013-10-10, 2013-10-16 20:40:04, 0, 0),
('D9622D24-31CF-11E3-B050-90B11C202735', 'white_steps.jpg', White Steps, Needs Description, beach, sand, footprints, 2013-10-10, 2013-10-16 20:40:04, 0, 0),
('D9626730-31CF-11E3-B050-90B11C202735', 'windmill_ridge_1.jpg', Windmill Ridge, 1 of 3, windmill, landscape, sunset, 2013-10-10, 2013-10-16 20:40:04, 0, 0),
('D962B7B2-31CF-11E3-B050-90B11C202735', 'windmill_ridge_2.jpg', Windmill Ridge, 2 of 3, windmill, landscape, sunset, 2013-10-10, 2013-10-16 20:40:04, 0, 0),
('D96308FC-31CF-11E3-B050-90B11C202735', 'windmill_ridge_3.jpg', Windmill Ridge, 3 of 3, windmill, landscape, sunset, 2013-10-10, 2013-10-16 20:40:04, 0, 0),
('D963551E-31CF-11E3-B050-90B11C202735', 'winds_of_color.jpg', Winds Of Color, Needs Description, , 2013-10-10, 2013-10-16 20:40:04, 0, 0),
('D963A5DC-31CF-11E3-B050-90B11C202735', 'wonderous_wall.jpg', Wonderous Wall, Needs Description, , 2013-10-10, 2013-10-16 20:40:04, 0, 0),
('D963FB0E-31CF-11E3-B050-90B11C202735', 'yellowstone_ridge.jpg', Yellowstone Ridge, Needs Description, , 2013-10-10, 2013-10-16 20:40:04, 0, 0),
('D96441FE-31CF-11E3-B050-90B11C202735', 'yellow_pool.jpg', Yellow Pool, Needs Description, , 2013-10-10, 2013-10-16 20:40:04, 0, 0),
('D964683C-31CF-11E3-B050-90B11C202735', 'layers_upon_layers.jpg', Layers Upon Layers, Needs Description, , 2013-10-10, 2013-10-16 20:40:04, 0, 0),
('D964AD06-31CF-11E3-B050-90B11C202735', 'lost_in_red.jpg', Lost In Red, Needs Description, , 2013-10-10, 2013-10-16 20:40:04, 0, 0),
('D964F202-31CF-11E3-B050-90B11C202735', 'towering_red.jpg', Towering Red, Needs Description, , 2013-10-10, 2013-10-16 20:40:04, 0, 0),
('D9654220-31CF-11E3-B050-90B11C202735', 'wedding_flowers.jpg', Wedding Flowers, Needs Description, , 2013-10-10, 2013-10-16 20:40:04, 0, 0),
('D9657308-31CF-11E3-B050-90B11C202735', 'cathedral_crossing.jpg', Cathedral Crossing, Needs Description, , 2013-10-10, 2013-10-16 20:40:04, 0, 0),
('E111DCDD-501A-4643-AEEE-42E6D1666E5C', 'frozen_light_2.jpg', Frozen Light, 2 of 2, winter, 2013-10-10, 2013-10-16 20:40:04, 0, 0),
('F70BD658-9AD7-4F33-B6B0-7FF590ED1A31', 'glass_wedding.jpg', Glass Wedding, Needs Description, wedding, 2013-10-10, 2013-10-16 20:40:04, 0, 0),
('F8FA4BAC-3FAD-4162-8384-F32B6A05F310', 'grand_tavern.jpg', Grand Tavern, Needs Description, citiscape, color popping, color pop, 2013-10-10, 2013-10-16 20:40:04, 0, 0),
('F911B4B8-4319-4280-93B3-FF877D045825', 'granite_reflections.jpg', Granite Reflections, Needs Description, water, reflection, reflections, 2013-10-10, 2013-10-16 20:40:04, 0, 0),
('FA6026F6-D1A6-402A-907E-F6B0F9C64CAA', 'green_nature.jpg', Green Nature, Needs Description, nature, close up, close ups, butterfly, green butterly, 2013-10-10, 2013-10-16 20:40:04, 0, 0);

-- '--------------------------------------------------------

--
-- Table structure for table photoSizeInfo
--

CREATE TABLE photoSizeInfo (
  size_id varchar(36) NOT NULL,
  size_name varchar(50) NOT NULL,
  size_suffix varchar(20) NOT NULL,
  width int NOT NULL,
  height int NOT NULL,
  inactive int NOT NULL DEFAULT 0,
  date_added date NOT NULL,
  date_last_modified timestamp NULL DEFAULT NULL
)
GO

-- '--------------------------------------------------------

--
-- Stand-in structure for view UpdatePhotoInfoView
--
CREATE TABLE UpdatePhotoInfoView (
file_name varchar(50)
,original_name varchar(50)
,original_description varchar(500)
,category_name varchar(50)
,inactive_switch int
,new_switch int
,order_number int
,category_id varchar(36)
,photo_id varchar(36)
);

-- '--------------------------------------------------------

--
-- Stand-in structure for view UpdatPhotoInfoView1
--
CREATE TABLE UpdatPhotoInfoView1 (
file_name varchar(50)
,original_name varchar(50)
,original_description varchar(500)
,category_name varchar(50)
,inactive_switch int
,new_switch int
,order_number int
,category_id varchar(36)
,photo_id varchar(36)
);

-- '--------------------------------------------------------

--
-- Indexes for table photoCategoryDetails
--
ALTER TABLE photoCategoryDetails
  ADD PRIMARY KEY (category_id,photo_id);

--
-- Indexes for table photoCategoryInfo
--
ALTER TABLE photoCategoryInfo
  ADD PRIMARY KEY (category_id);

--
-- Indexes for table photoFileInfo
--
ALTER TABLE photoFileInfo
  ADD PRIMARY KEY (file_location_id);

--
-- Indexes for table photoFrontPage
--
ALTER TABLE photoFrontPage
  ADD PRIMARY KEY (photo_id);

--
-- Indexes for table photoInfo
--
ALTER TABLE photoInfo
  ADD PRIMARY KEY (photo_id);

--
-- Indexes for table photoSizeInfo
--
ALTER TABLE photoSizeInfo
  ADD PRIMARY KEY (size_id);
